AP Mac,Model,Street,Street2,City,State,Zip Code,Latitude,Longitude,Region,Zone,Zone Type,SiteID
0C:02:27:D3:D6:20,DPC3941B,9 W HIGHLAND AVE,STE 1,Philadelphia,PA,19118,40.075714,-75.20708,Freedom,Chestnut Hill,Secondary,N/A
0C:02:27:D3:DF:C6,DPC3941B,1714 MEMPHIS ST,BSMT RM CMTY,Philadelphia,PA,19125,39.975113,-75.1306,Freedom,Fishtown,Secondary,N/A
0C:02:27:D4:00:F0,DPC3941B,834 SOUTH ST,,Philadelphia,PA,19147,39.942364,-75.156654,Freedom,South St Zone 1,Secondary,N/A
0C:02:27:D4:15:13,DPC3941B,936 PINE ST,FL 2,Philadelphia,PA,19107,39.944542,-75.15814,Freedom,South St Zone 1,Secondary,N/A
0C:02:27:D4:76:4D,DPC3941B,1240 SOUTH ST,,Philadelphia,PA,19147,39.94321,-75.16312,Freedom,South St Zone 1,Secondary,N/A
0C:02:27:D4:78:96,DPC3941B,100 W OXFORD ST,FL 2,Philadelphia,PA,19122,39.973774,-75.13522,Freedom,Fishtown,Secondary,N/A
0C:02:27:F1:BD:48,DPC3941B,23 STREET RD,,Lahaska,PA,18931,40.3475,-75.0325,Freedom,Peddlers Village,Primary,N/A
0C:02:27:F2:05:C8,DPC3941B,1016 ADDISON ST,OFC BVE,Philadelphia,PA,19147,39.94413,-75.15901,Freedom,South St Zone 1,Secondary,N/A
0C:02:27:F2:C5:DF,DPC3941B,15 W HIGHLAND AVE,FL 2 FRNT,Philadelphia,PA,19118,40.07561,-75.20681,Freedom,Chestnut Hill,Secondary,N/A
0C:02:27:F2:E7:90,DPC3941B,1341 N MASCHER ST,FL 1,Philadelphia,PA,19122,39.971714,-75.13723,Freedom,Fishtown,Secondary,N/A
0C:02:27:F3:4D:1B,DPC3941B,752 S 11TH ST,OFC REAR,Philadelphia,PA,19147,39.94079,-75.16099,Freedom,South St Zone 1,Secondary,N/A
0C:02:27:F3:38:67,DPC3941B,1639 N HANCOCK ST,STE 404,Philadelphia,PA,19122,39.975536,-75.13696,Freedom,Fishtown,Secondary,N/A
0C:02:27:F3:45:DC,DPC3941B,822 PINE ST,STE 1D,Philadelphia,PA,19107,39.94415,-75.156105,Freedom,South St Zone 1,Secondary,N/A
0C:02:27:F9:D2:DF,DPC3941B,165 PEDDLERS VLG RD,,Lahaska,PA,18931,40.34737,-75.03197,Freedom,Peddlers Village,Primary,N/A
0C:02:27:F9:D7:D0,DPC3941B,8014 WINSTON RD,OFC,Philadelphia,PA,19118,40.073322,-75.19993,Freedom,Chestnut Hill,Secondary,N/A
0C:02:27:FB:3B:34,DPC3941B,8428 GERMANTOWN AVE,FL 1 FRNT STRE,Philadelphia,PA,19118,40.07528,-75.206085,Freedom,Chestnut Hill,Secondary,N/A
0C:02:27:FB:41:79,DPC3941B,8017 WINSTON RD,OFC,Philadelphia,PA,19118,40.073524,-75.199356,Freedom,Chestnut Hill,Secondary,N/A
0C:02:27:FD:92:58,DPC3941B,1428 COLUMBIA AVE,,Philadelphia,PA,19125,39.97371,-75.13267,Freedom,Fishtown,Secondary,N/A
0C:02:27:FD:E8:84,DPC3941B,609 S 7TH ST,FL 1ST,Philadelphia,PA,19147,39.941868,-75.15374,Freedom,South St Zone 1,Secondary,N/A
0C:02:27:FD:F1:53,DPC3941B,100 W OXFORD ST,STE E3000,Philadelphia,PA,19122,39.973778,-75.13522,Freedom,Fishtown,Secondary,N/A
2C:AB:A4:2E:62:94,DPC3939B,8524 GERMANTOWN AVE,FL 1,Philadelphia,PA,19118,40.076244,-75.20729,Freedom,Chestnut Hill,Primary,N/A
2C:AB:A4:2E:65:91,DPC3939B,8505 GERMANTOWN AVE,FL 1,Philadelphia,PA,19118,40.076183,-75.206665,Freedom,Chestnut Hill,Primary,N/A
2C:AB:A4:2F:43:7B,DPC3939B,737 S 7TH ST,,Philadelphia,PA,19147,39.94036,-75.15414,Freedom,South St Zone 1,Secondary,N/A
2C:AB:A4:2F:43:53,DPC3939B,507 S 8TH ST,SPC MGMT,Philadelphia,PA,19147,39.94293,-75.1551,Freedom,South St Zone 1,Secondary,N/A
2C:AB:A4:3B:8A:55,DPC3939B,40 W EVERGREEN AVE,STE 101,Philadelphia,PA,19118,40.075436,-75.20824,Freedom,Chestnut Hill,Secondary,N/A
2C:AB:A4:3B:12:C3,DPC3939B,1306 FRANKFORD AVE,,Philadelphia,PA,19125,39.97057,-75.13483,Freedom,Fishtown,Primary,N/A
2C:AB:A4:3C:BA:01,DPC3939B,22 W GIRARD AVE,,Philadelphia,PA,19123,39.96822,-75.13574,Freedom,Fishtown,Secondary,N/A
2C:AB:A4:3D:3F:4E,DPC3939B,822 PINE ST,STE 4A,Philadelphia,PA,19107,39.94415,-75.156105,Freedom,South St Zone 1,Secondary,N/A
2C:AB:A4:3D:3F:21,DPC3939B,8433 GERMANTOWN AVE,APT C,Philadelphia,PA,19118,40.076088,-75.20578,Freedom,Chestnut Hill,Primary,N/A
2C:AB:A4:3D:5E:DE,DPC3939B,8031 GERMANTOWN AVE,FRNT LEFT,Philadelphia,PA,19118,40.07171,-75.20124,Freedom,Chestnut Hill,Secondary,N/A
2C:AB:A4:3D:11:9F,DPC3939B,1114 SPRUCE ST,STE 100,Philadelphia,PA,19107,39.94605,-75.16027,Freedom,South St Zone 1,Secondary,N/A
2C:AB:A4:3D:25:B8,DPC3939B,1741 FRANKFORD AVE,STE 100,Philadelphia,PA,19125,39.975758,-75.131966,Freedom,Fishtown,Secondary,N/A
2C:AB:A4:3D:39:6D,DPC3939B,8812 GERMANTOWN AVE,,Philadelphia,PA,19118,40.077827,-75.21184,Freedom,Chestnut Hill,Secondary,N/A
2C:AB:A4:3D:43:3B,DPC3939B,1045 FRANKFORD AVE,APT 103,Philadelphia,PA,19125,39.96724,-75.13422,Freedom,Fishtown,Secondary,N/A
2C:AB:A4:3F:87:04,DPC3939B,1441 E OXFORD ST,OFC,Philadelphia,PA,19125,39.973934,-75.13307,Freedom,Fishtown,Primary,N/A
2C:AB:A4:33:50:06,DPC3939B,76 PEDDLERS VLG,,Lahaska,PA,18931,40.347374,-75.031975,Freedom,Peddlers Village,Primary,N/A
2C:AB:A4:34:03:75,DPC3939B,700 SOUTH ST,,Philadelphia,PA,19147,39.94206,-75.154106,Freedom,South St Zone 1,Secondary,N/A
2C:AB:A4:40:52:10,DPC3939B,58 PEDDLERS VLG,,New Hope,PA,18938,40.346928,-75.03287,Freedom,Peddlers Village,Primary,N/A
2C:AB:A4:40:52:38,DPC3939B,637 SOUTH ST,FRNT,Philadelphia,PA,19147,39.94231,-75.15351,Freedom,South St Zone 1,Secondary,N/A
2C:AB:A4:40:85:B9,DPC3939B,8217 GERMANTOWN AVE,,Philadelphia,PA,19118,40.073765,-75.2028,Freedom,Chestnut Hill,Primary,N/A
2C:AB:A4:40:87:D0,DPC3939B,932 PINE ST,UNIT MAIN OFC,Philadelphia,PA,19107,39.944473,-75.15802,Freedom,South St Zone 1,Secondary,N/A
2C:AB:A4:51:27:34,DPC3939B,900 S 9TH ST,UNIT B,Philadelphia,PA,19147,39.938988,-75.157845,Freedom,South St Zone 1,Secondary,N/A
3C:9A:77:1A:C2:CA,CGA4131COM,775 S 10TH ST,OFC,Philadelphia,PA,19147,39.94031,-75.15917,Freedom,South St Zone 1,Secondary,N/A
3C:9A:77:1A:FF:42,CGA4131COM,744 SOUTH ST,FL 1,Philadelphia,PA,19147,39.942368,-75.15531,Freedom,South St Zone 1,Secondary,N/A
3C:9A:77:1C:8C:C2,CGA4131COM,1118 PINE ST,FRNT STORE,Philadelphia,PA,19107,39.944798,-75.16055,Freedom,South St Zone 1,Secondary,N/A
3C:9A:77:1C:27:96,CGA4131COM,79 PEDDLERS VLG RD,,Lahaska,PA,18931,40.34688,-75.0331,Freedom,Peddlers Village,Primary,N/A
3C:9A:77:1D:03:BE,CGA4131COM,764 S 9TH ST,UNIT FRNT OFC ADDLBUS,Philadelphia,PA,19147,39.939976,-75.157875,Freedom,South St Zone 1,Secondary,N/A
3C:9A:77:1E:DC:DE,CGA4131COM,1020 N DELAWARE AVE,FL 2ND,Philadelphia,PA,19125,39.965816,-75.132774,Freedom,Fishtown,Secondary,N/A
3C:9A:77:1F:7F:86,CGA4131COM,1300 N HOWARD ST,SPC SIDE,Philadelphia,PA,19122,39.970993,-75.13703,Freedom,Fishtown,Secondary,N/A
3C:9A:77:1F:D3:96,CGA4131COM,644 SOUTH ST,,Philadelphia,PA,19147,39.942005,-75.15361,Freedom,South St Zone 1,Secondary,N/A
3C:9A:77:24:1E:7E,CGA4131COM,8430 GERMANTOWN AVE,,Philadelphia,PA,19118,40.075325,-75.20614,Freedom,Chestnut Hill,Secondary,N/A
3C:9A:77:24:A2:C2,CGA4131COM,1315 N FRONT ST,,Philadelphia,PA,19122,39.97071,-75.135376,Freedom,Fishtown,Secondary,N/A
3C:9A:77:B4:C7:72,CGA4131COM,1214 N FRONT ST,BSMT,Philadelphia,PA,19122,39.969463,-75.13627,Freedom,Fishtown,Secondary,N/A
3C:9A:77:B5:0D:D6,CGA4131COM,1405 FRANKFORD AV,OFC,Philadelphia,PA,19125,39.9726,-75.13401,Freedom,Fishtown,Primary,N/A
3C:9A:77:B6:4C:FA,CGA4131COM,46 PEDDLERS VLG,STE 46 OFC BUS2,Lahaska,PA,18931,40.34693,-75.03264,Freedom,Peddlers Village,Primary,N/A
3C:9A:77:BA:A3:AE,CGA4131COM,8236 GERMANTOWN AVE,FL 1,Philadelphia,PA,19118,40.074055,-75.203636,Freedom,Chestnut Hill,Primary,N/A
3C:9A:77:BC:07:4E,CGA4131COM,7 PEDDLERS VLG,,Lahaska,PA,18931,40.347897,-75.03132,Freedom,Peddlers Village,Primary,N/A
3C:9A:77:BE:99:FA,CGA4131COM,8419 GERMANTOWN AVE,STE 7,Philadelphia,PA,19118,40.0758,-75.20529,Freedom,Chestnut Hill,Primary,N/A
3C:9A:77:BE:D9:BA,CGA4131COM,251 E GIRARD AVE,FL 1,Philadelphia,PA,19125,39.96985,-75.13218,Freedom,Fishtown,Secondary,N/A
3C:B7:4B:7A:75:D2,CGA4131COM,1216 SOUTH ST,UNIT STORE FRONT,Philadelphia,PA,19147,39.943092,-75.162384,Freedom,South St Zone 1,Secondary,N/A
3C:B7:4B:79:F8:46,CGA4131COM,1311 SOUTH ST,OFC,Philadelphia,PA,19147,39.94358,-75.16367,Freedom,South St Zone 1,Secondary,N/A
3C:B7:4B:C1:5E:C0,CGA4131COM,1727 N FRONT ST,,Philadelphia,PA,19122,39.97579,-75.13386,Freedom,Fishtown,Secondary,N/A
3C:B7:4B:C1:05:74,CGA4131COM,38 PEDDLERS VLG,,Lahaska,PA,18931,40.3472,-75.03204,Freedom,Peddlers Village,Primary,N/A
5C:76:95:9C:61:02,CGA4131COM,1232 N FRONT ST,LBBY,Philadelphia,PA,19122,39.96999,-75.13621,Freedom,Fishtown,Secondary,N/A
5C:76:95:9C:68:82,CGA4131COM,1108 FRANKFORD AVE,STE 2 SPC BUS 2,Philadelphia,PA,19125,39.967266,-75.1348,Freedom,Fishtown,Secondary,N/A
10:33:BF:FC:D8:7B,CGA4131COM,102 W GIRARD AVE,REAR,Philadelphia,PA,19123,39.96869,-75.13644,Freedom,Fishtown,Secondary,N/A
10:33:BF:FD:12:5F,CGA4131COM,19 W HIGHLAND AVE,,Philadelphia,PA,19118,40.07578,-75.20702,Freedom,Chestnut Hill,Secondary,N/A
10:33:BF:FD:52:FB,CGA4131COM,12 PEDDLERS VLG,STE 12,Lahaska,PA,18931,40.347908,-75.03131,Freedom,Peddlers Village,Primary,N/A
10:33:BF:FD:AE:13,CGA4131COM,33 PEDDLERS VILLAGE RD,OFC 2,Lahaska,PA,18931,40.34788,-75.031334,Freedom,Peddlers Village,Primary,N/A
10:33:BF:FD:FE:27,CGA4131COM,8337 GERMANTOWN AVE,APT 1,Philadelphia,PA,19118,40.07519,-75.20453,Freedom,Chestnut Hill,Primary,N/A
14:98:7D:2A:3E:62,DPC3941B,716 SOUTH ST,UNIT FRONT,Philadelphia,PA,19147,39.942062,-75.15456,Freedom,South St Zone 1,Secondary,N/A
14:98:7D:2A:46:F0,DPC3941B,1140 SHACKAMAXON ST,FRNT STORE,Philadelphia,PA,19125,39.968346,-75.13328,Freedom,Fishtown,Secondary,N/A
14:98:7D:2B:7D:86,DPC3941B,901 SOUTH ST,,Philadelphia,PA,19147,39.942844,-75.157196,Freedom,South St Zone 1,Primary,N/A
14:98:7D:2C:F9:4F,DPC3941B,18 W GIRARD AVE,,Philadelphia,PA,19123,39.96836,-75.135315,Freedom,Fishtown,Secondary,N/A
14:98:7D:2D:1D:21,DPC3941B,8229 GERMANTOWN AVE,OFC MGT,Philadelphia,PA,19118,40.073505,-75.20287,Freedom,Chestnut Hill,Primary,N/A
14:98:7D:2D:4B:B1,DPC3941B,1101 FRANKFORD AVE,,Philadelphia,PA,19125,39.967712,-75.13401,Freedom,Fishtown,Secondary,N/A
14:98:7D:2D:08:7C,DPC3941B,808 SOUTH ST,APT 1,Philadelphia,PA,19147,39.942287,-75.15585,Freedom,South St Zone 1,Secondary,N/A
14:98:7D:2D:24:06,DPC3941B,1001 PINE ST,APT 101,Philadelphia,PA,19107,39.944836,-75.15845,Freedom,South St Zone 1,Secondary,N/A
14:98:7D:3A:0A:C2,DPC3941B,8429 GERMANTOWN AVE,UNIT 31,Philadelphia,PA,19118,40.075935,-75.20571,Freedom,Chestnut Hill,Primary,N/A
14:98:7D:3A:0E:E6,DPC3941B,1639 N HANCOCK ST,UNIT BUS2,Philadelphia,PA,19122,39.975536,-75.13696,Freedom,Fishtown,Secondary,N/A
14:98:7D:3A:3B:00,DPC3941B,1700 FRANKFORD AVE,STE 2C,Philadelphia,PA,19125,39.974705,-75.13339,Freedom,Fishtown,Secondary,N/A
14:98:7D:3A:3B:87,DPC3941B,1706 FRANKFORD AVE,,Philadelphia,PA,19125,39.97496,-75.13332,Freedom,Fishtown,Secondary,N/A
14:98:7D:3A:06:7B,DPC3941B,1042 PINE ST,FRNT STORE,Philadelphia,PA,19107,39.94473,-75.15971,Freedom,South St Zone 1,Secondary,N/A
14:98:7D:3A:06:DA,DPC3941B,63 PEDDLERS VLG,,Lahaska,PA,18931,40.34688,-75.0331,Freedom,Peddlers Village,Primary,N/A
14:98:7D:3A:07:9D,DPC3941B,66 PEDDLERS VLG,FRNT STOR,Lahaska,PA,18931,40.347023,-75.03242,Freedom,Peddlers Village,Primary,N/A
14:98:7D:3A:07:34,DPC3941B,718 S 7TH ST,,Philadelphia,PA,19147,39.940865,-75.15438,Freedom,South St Zone 1,Secondary,N/A
14:98:7D:3A:41:E5,DPC3941B,8618 GERMANTOWN AVE,APT C,Philadelphia,PA,19118,40.076813,-75.20841,Freedom,Chestnut Hill,Primary,N/A
14:98:7D:3C:6B:32,DPC3941B,3061 STREET RD,STE MAIN,Lahaska,PA,18931,40.3467,-75.0316,Freedom,Peddlers Village,Primary,N/A
14:98:7D:3C:96:ED,DPC3941B,2400 STREET RD,UNIT 47,Lahaska,PA,18931,40.34758,-75.02981,Freedom,Peddlers Village,Primary,N/A
14:98:7D:3C:B1:00,DPC3941B,5860 YORK RD,APT 9A OFC,Lahaska,PA,18931,40.346275,-75.03575,Freedom,Peddlers Village,Primary,N/A
14:98:7D:3C:C1:CC,DPC3941B,1523 N FRONT ST,STE 200,Philadelphia,PA,19122,39.973583,-75.13441,Freedom,Fishtown,Secondary,N/A
14:98:7D:3C:F7:F5,DPC3941B,184 E EVERGREEN AVE,UNIT A,Philadelphia,PA,19118,40.076897,-75.20637,Freedom,Chestnut Hill,Secondary,N/A
14:98:7D:3D:01:0A,DPC3941B,139 W JEFFERSON ST,,Philadelphia,PA,19122,39.973534,-75.13643,Freedom,Fishtown,Secondary,N/A
14:98:7D:03:F9:1E,DPC3941B,233 E GIRARD AVE,,Philadelphia,PA,19125,39.96965,-75.13288,Freedom,Fishtown,Secondary,N/A
14:98:7D:04:1A:20,DPC3941B,1238 SOUTH ST,FL 1,Philadelphia,PA,19147,39.943188,-75.16291,Freedom,South St Zone 1,Secondary,N/A
14:98:7D:04:27:4A,DPC3941B,184 E BETHLEHAM PIKE,FL GROUND,Philadelphia,PA,19118,40.07194,-75.20315,Freedom,Chestnut Hill,Secondary,N/A
14:98:7D:04:31:18,DPC3941B,17 E CHSTNUT HILL AVE,OFC MAIN,Philadelphia,PA,19118,40.079258,-75.20938,Freedom,Chestnut Hill,Secondary,N/A
14:98:7D:04:BF:93,DPC3941B,81 PEDDLERS VLG,,Lahaska,PA,18931,40.34722,-75.03232,Freedom,Peddlers Village,Primary,N/A
14:98:7D:07:B8:1F,DPC3941B,1224 SOUTH ST,FRNT,Philadelphia,PA,19147,39.943142,-75.16255,Freedom,South St Zone 1,Secondary,N/A
14:98:7D:07:BA:3B,DPC3941B,1420 FRANKFORD AVE,FRNT,Philadelphia,PA,19125,39.972244,-75.134384,Freedom,Fishtown,Primary,N/A
14:98:7D:07:DD:E0,DPC3941B,8229 GERMANTOWN AVE,BLDG D,Philadelphia,PA,19118,40.073505,-75.20287,Freedom,Chestnut Hill,Primary,N/A
14:98:7D:07:E0:38,DPC3941B,8505 GERMANTOWN AVE,,Philadelphia,PA,19118,40.076183,-75.206665,Freedom,Chestnut Hill,Primary,N/A
14:98:7D:28:20:A5,DPC3941B,936 PINE ST,OFC SOHO,Philadelphia,PA,19107,39.944542,-75.15814,Freedom,South St Zone 1,Secondary,N/A
14:98:7D:38:85:12,DPC3941B,5 E HIGHLAND AVE,FL 1,Philadelphia,PA,19118,40.076485,-75.206184,Freedom,Chestnut Hill,Primary,N/A
38:3F:B3:45:C9:26,CGA4131COM,650 SOUTH ST,,Philadelphia,PA,19147,39.942028,-75.1538,Freedom,South St Zone 1,Secondary,N/A
38:3F:B3:F1:7E:36,CGA4131COM,1421 N FRONT ST,OFC,Philadelphia,PA,19122,39.97244,-75.1349,Freedom,Fishtown,Secondary,N/A
38:3F:B3:F1:7F:DA,CGA4131COM,1502 FRANKFORD AVE,OFC 2 FL 1ST,Philadelphia,PA,19125,39.973118,-75.134254,Freedom,Fishtown,Primary,N/A
38:3F:B3:F1:72:06,CGA4131COM,822 PINE ST,STE 3A,Philadelphia,PA,19107,39.94415,-75.156105,Freedom,South St Zone 1,Secondary,N/A
38:3F:B3:F1:81:E2,CGA4131COM,1700 FRANKFORD AVE,FL 1,Philadelphia,PA,19125,39.974705,-75.1334,Freedom,Fishtown,Secondary,N/A
38:3F:B3:F2:02:3E,CGA4131COM,1526 FRANKFORD AVE,FL 2,Philadelphia,PA,19125,39.973705,-75.13395,Freedom,Fishtown,Primary,N/A
38:3F:B3:F2:02:52,CGA4131COM,1700 FRANKFORD AVE,FL 1 OFC MDM,Philadelphia,PA,19125,39.974705,-75.1334,Freedom,Fishtown,Secondary,N/A
38:17:E1:E0:C8:F2,DPC3941B,45 PEDDLERS VILLAGE RD,,Lahaska,PA,18931,40.34732,-75.03263,Freedom,Peddlers Village,Primary,N/A
38:17:E1:E0:CC:A3,DPC3941B,8434 GERMANTOWN AVE,FRNT STORE UNIT ADTL,Philadelphia,PA,19118,40.075584,-75.20618,Freedom,Chestnut Hill,Primary,N/A
38:17:E1:E0:CE:0B,DPC3941B,613 S 7TH ST,LOWR,Philadelphia,PA,19147,39.941647,-75.153824,Freedom,South St Zone 1,Secondary,N/A
38:17:E1:E0:DE:37,DPC3941B,957 FRANKFORD AVE,,Philadelphia,PA,19125,39.96562,-75.1342,Freedom,Fishtown,Secondary,N/A
38:17:E1:E0:DE:F5,DPC3941B,8615 GERMANTOWN AVE,FL 2,Philadelphia,PA,19118,40.07707,-75.20756,Freedom,Chestnut Hill,Primary,N/A
38:17:E1:E1:1F:1E,DPC3941B,1112 PINE ST,SPC FRONT,Philadelphia,PA,19107,39.94477,-75.160355,Freedom,South St Zone 1,Secondary,N/A
38:17:E1:E1:6E:AB,DPC3941B,919 LOMBARD ST,APT A UNIT HBB,Philadelphia,PA,19147,39.943867,-75.15747,Freedom,South St Zone 1,Secondary,N/A
38:17:E1:E1:8D:CD,DPC3941B,7904 GERMANTOWN AVE,UNIT STOR OFC,Philadelphia,PA,19118,40.06955,-75.20022,Freedom,Chestnut Hill,Secondary,N/A
38:17:E1:E1:52:FE,DPC3941B,254 E GIRARD AVE,FL 1,Philadelphia,PA,19125,39.9694,-75.13199,Freedom,Fishtown,Secondary,N/A
38:17:E1:E1:68:70,DPC3941B,301 S 8TH ST,STE 2L,Philadelphia,PA,19106,39.94523,-75.15487,Freedom,South St Zone 1,Secondary,N/A
38:17:E1:E1:74:32,DPC3941B,8701 GERMANTOWN AVE,OFC,Philadelphia,PA,19118,40.07729,-75.20888,Freedom,Chestnut Hill,Secondary,N/A
38:17:E1:E5:FF:84,DPC3941B,8607 GERMANTOWN AVE,,Philadelphia,PA,19118,40.076958,-75.20737,Freedom,Chestnut Hill,Primary,N/A
38:17:E1:E6:81:2F,DPC3941B,1345 FRANKFORD AVE,,Philadelphia,PA,19125,39.97143,-75.13441,Freedom,Fishtown,Primary,N/A
38:17:E1:E6:96:33,DPC3941B,69 PEDDLERS VLG RD,,Lahaska,PA,18931,40.34688,-75.0331,Freedom,Peddlers Village,Primary,N/A
38:17:E1:E7:51:2C,DPC3941B,610 S PERCY ST,,Philadelphia,PA,19147,39.94253,-75.15771,Freedom,South St Zone 1,Primary,N/A
38:17:E1:E7:AF:8C,DPC3941B,109 W WILDEY ST,OFC,Philadelphia,PA,19123,39.967434,-75.137665,Freedom,Fishtown,Secondary,N/A
38:17:E1:E7:B3:F6,DPC3941B,901 SOUTH ST,UNIT D,Philadelphia,PA,19147,39.942844,-75.157196,Freedom,South St Zone 1,Primary,N/A
38:17:E1:E7:E7:81,DPC3941B,8039 GERMANTOWN AVE,,Philadelphia,PA,19118,40.07142,-75.20135,Freedom,Chestnut Hill,Secondary,N/A
38:17:E1:E7:E7:A9,DPC3941B,35 BETHLEHEM PIKE,STE 109A,Philadelphia,PA,19118,40.078003,-75.20873,Freedom,Chestnut Hill,Secondary,N/A
38:17:E1:E7:F6:FE,DPC3941B,300 E GIRARD AVE,FL 1,Philadelphia,PA,19125,39.96958,-75.13154,Freedom,Fishtown,Secondary,N/A
38:17:E1:E8:03:5B,DPC3941B,1202 FRANKFORD AVE,UNIT 1,Philadelphia,PA,19125,39.9692,-75.13472,Freedom,Fishtown,Primary,N/A
38:17:E1:E8:06:35,DPC3941B,758 S 9TH ST,APT 3R,Philadelphia,PA,19147,39.94012,-75.157845,Freedom,South St Zone 1,Secondary,N/A
38:17:E1:EA:91:7F,DPC3941B,3061 STREET RD,STE BARN,Lahaska,PA,18931,40.3467,-75.0316,Freedom,Peddlers Village,Primary,N/A
38:17:E1:EA:D4:E6,DPC3941B,35 PEDDLERS VLG,SPC 35,Lahaska,PA,18931,40.3472,-75.03204,Freedom,Peddlers Village,Primary,N/A
38:17:E1:ED:2D:E0,DPC3941B,1301 N HOWARD ST,,Philadelphia,PA,19122,39.970623,-75.13654,Freedom,Fishtown,Secondary,N/A
38:17:E1:EE:18:72,DPC3941B,920 PINE ST,,Philadelphia,PA,19107,39.944427,-75.15763,Freedom,South St Zone 1,Secondary,N/A
38:17:E1:F5:8F:26,DPC3941B,23 W GIRARD AVE,OFC,Philadelphia,PA,19123,39.96918,-75.135475,Freedom,Fishtown,Secondary,N/A
38:17:E1:F5:FF:10,DPC3941B,19 W GIRARD AVE,FL 1,Philadelphia,PA,19123,39.968906,-75.13516,Freedom,Fishtown,Secondary,N/A
38:17:E1:F6:6E:46,DPC3941B,1523 N FRONT ST,FL 1,Philadelphia,PA,19122,39.973583,-75.13441,Freedom,Fishtown,Secondary,N/A
38:17:E1:F6:61:71,DPC3941B,8 PEDDLERS VLG,SPC 2,Lahaska,PA,18931,40.346786,-75.0331,Freedom,Peddlers Village,Primary,N/A
38:17:E1:F6:72:6A,DPC3941B,1100 SPRUCE ST,RM FTNS,Philadelphia,PA,19107,39.946007,-75.1597,Freedom,South St Zone 1,Secondary,N/A
38:17:E1:F6:C4:81,DPC3941B,736 PINE ST,BSMT,Philadelphia,PA,19106,39.944057,-75.15497,Freedom,South St Zone 1,Secondary,N/A
38:17:E1:F6:F6:63,DPC3941B,8617 GERMANTOWN AVE,FL 1 OFC BUS 2,Philadelphia,PA,19118,40.077114,-75.20764,Freedom,Chestnut Hill,Primary,N/A
38:17:E1:F7:76:88,DPC3941B,19 PEDDLERS VLG,SPC SHP 78,Lahaska,PA,18931,40.347317,-75.032135,Freedom,Peddlers Village,Primary,N/A
38:17:E1:F7:80:B0,DPC3941B,1114 CREASE ST,STE 1 UNIT HBB,Philadelphia,PA,19125,39.96854,-75.13225,Freedom,Fishtown,Secondary,N/A
38:17:E1:F7:AF:27,DPC3941B,68 PEDDLERS VLG,,Lahaska,PA,18931,40.34736,-75.03197,Freedom,Peddlers Village,Primary,N/A
38:17:E1:FB:1C:4D,DPC3941B,821 S 9TH ST,,Philadelphia,PA,19147,39.939213,-75.15757,Freedom,South St Zone 1,Secondary,N/A
38:17:E1:FB:5D:89,DPC3941B,1119 CATHARINE ST,,Philadelphia,PA,19147,39.94042,-75.161446,Freedom,South St Zone 1,Secondary,N/A
38:17:E1:FB:32:41,DPC3941B,212 E GIRARD AVE,OFC,Philadelphia,PA,19125,39.969006,-75.13308,Freedom,Fishtown,Secondary,N/A
38:17:E1:FB:40:01,DPC3941B,86 BETHLEHEM PIKE,FL 2,Philadelphia,PA,19118,40.080215,-75.20763,Freedom,Chestnut Hill,Secondary,N/A
38:17:E1:FB:47:4A,DPC3941B,614 S 7TH ST,,Philadelphia,PA,19147,39.941734,-75.15427,Freedom,South St Zone 1,Secondary,N/A
38:17:E1:FB:62:93,DPC3941B,8617 GERMANTOWN AVE,FL 1ST,Philadelphia,PA,19118,40.077114,-75.20764,Freedom,Chestnut Hill,Primary,N/A
38:17:E1:FB:BE:E1,DPC3941B,1137 PINE ST,RM METER,Philadelphia,PA,19107,39.945286,-75.160934,Freedom,South St Zone 1,Secondary,N/A
38:17:E1:FF:12:85,DPC3941B,1001 SOUTH ST,OFC 2,Philadelphia,PA,19147,39.943108,-75.15936,Freedom,South St Zone 1,Primary,N/A
48:1D:70:1D:88:F2,DPC3939B,1000 SPRUCE ST,,Philadelphia,PA,19107,39.945885,-75.1581,Freedom,South St Zone 1,Secondary,N/A
48:1D:70:6C:2B:56,DPC3941B,161 PEDDLERS VLG RD,,Lahaska,PA,18931,40.34772,-75.03154,Freedom,Peddlers Village,Primary,N/A
48:1D:70:6C:10:30,DPC3941B,1002 SOUTH ST,,Philadelphia,PA,19147,39.94285,-75.15906,Freedom,South St Zone 1,Primary,N/A
48:1D:70:6D:27:F9,DPC3941B,1000 FRANKFORD AVE,STE 101,Philadelphia,PA,19125,39.96563,-75.13502,Freedom,Fishtown,Secondary,N/A
48:1D:70:6F:00:10,DPC3941B,5828 ROUTE 202,,Lahaska,PA,18931,40.34777,-75.03145,Freedom,Peddlers Village,Primary,N/A
48:1D:70:22:FC:F1,DPC3941B,800 SOUTH ST,APT 2 UNIT TELE,Philadelphia,PA,19147,39.942337,-75.15554,Freedom,South St Zone 1,Secondary,N/A
48:1D:70:23:0B:5B,DPC3941B,18 W EVERGREEN AVE,,Philadelphia,PA,19118,40.075993,-75.20769,Freedom,Chestnut Hill,Secondary,N/A
48:1D:70:23:12:E0,DPC3941B,1220 SOUTH ST,FL 1,Philadelphia,PA,19147,39.94313,-75.16244,Freedom,South St Zone 1,Secondary,N/A
48:1D:70:54:3C:C6,DPC3939B,8433 GERMANTOWN AVE,STE D,Philadelphia,PA,19118,40.076088,-75.20578,Freedom,Chestnut Hill,Primary,N/A
48:1D:70:62:CF:07,DPC3941B,766 S 9TH ST,LOWR LEVL,Philadelphia,PA,19147,39.939903,-75.15789,Freedom,South St Zone 1,Secondary,N/A
48:1D:70:69:0A:39,DPC3941B,1204 FRANKFORD AVE,,Philadelphia,PA,19125,39.9692,-75.13472,Freedom,Fishtown,Primary,N/A
48:1D:70:69:E2:9C,DPC3941B,14 PEDDLERS VLG,,Lahaska,PA,18931,40.34738,-75.03197,Freedom,Peddlers Village,Primary,N/A
48:1D:70:CB:3A:87,DPC3941B,728 PINE ST,OFC HOME,Philadelphia,PA,19106,39.94401,-75.15462,Freedom,South St Zone 1,Secondary,N/A
48:1D:70:CB:C6:6E,DPC3941B,100 W OXFORD ST,STE LOWER W-1000,Philadelphia,PA,19122,39.973774,-75.13522,Freedom,Fishtown,Secondary,N/A
48:1D:70:D0:C7:72,DPC3941B,8000 GERMANTOWN AVE,APT 1,Philadelphia,PA,19118,40.07064,-75.20112,Freedom,Chestnut Hill,Secondary,N/A
48:1D:70:D2:84:A4,DPC3941B,737 BAINBRIDGE ST,FRNT,Philadelphia,PA,19147,39.94163,-75.15512,Freedom,South St Zone 1,Secondary,N/A
48:1D:70:D9:4C:8F,DPC3941B,1133 PINE ST,,Philadelphia,PA,19107,39.945198,-75.16077,Freedom,South St Zone 1,Secondary,N/A
48:1D:70:DD:BA:36,DPC3941B,1714 N MASCHER ST,FL 4 UNIT OFC,Philadelphia,PA,19122,39.976124,-75.136086,Freedom,Fishtown,Secondary,N/A
48:1D:70:DE:3D:5D,DPC3941B,1043 N FRONT ST,,Philadelphia,PA,19123,39.966656,-75.1367,Freedom,Fishtown,Secondary,N/A
48:1D:70:E0:A8:86,DPC3941B,1022 PINE ST,OFC,Philadelphia,PA,19107,39.944653,-75.1591,Freedom,South St Zone 1,Secondary,N/A
48:1D:70:E2:3C:DC,DPC3941B,5860 LOWER YORK RD,STE 3F,New Hope,PA,18938,40.346947,-75.03153,Freedom,Peddlers Village,Primary,N/A
48:1D:70:E2:4B:5A,DPC3941B,1000 FRANKFORD AVE,SPC ELECTRICAL ROOM,Philadelphia,PA,19125,39.96563,-75.13502,Freedom,Fishtown,Secondary,N/A
48:1D:70:E2:14:14,DPC3941B,712 SOUTH ST,UNIT HBB,Philadelphia,PA,19147,39.94212,-75.1544,Freedom,South St Zone 1,Secondary,N/A
48:1D:70:E2:B4:28,DPC3941B,2400 STREET RD,UNIT 6,New Hope,PA,18938,40.347054,-75.02953,Freedom,Peddlers Village,Primary,N/A
48:F7:C0:A7:8E:99,DPC3941B,1428 FRANKFORD AVE,,Philadelphia,PA,19125,39.972515,-75.13457,Freedom,Fishtown,Primary,N/A
48:F7:C0:A7:B0:8B,DPC3941B,8500 GERMANTOWN AVE,OFC,Philadelphia,PA,19118,40.075993,-75.20682,Freedom,Chestnut Hill,Primary,N/A
48:F7:C0:C4:44:DF,DPC3941B,1214 N FRONT ST,SPC OFFC,Philadelphia,PA,19122,39.969463,-75.13627,Freedom,Fishtown,Secondary,N/A
48:F7:C0:C9:0A:06,DPC3941B,5667 YORK RD,STE 6,Lahaska,PA,18931,40.3475,-75.0325,Freedom,Peddlers Village,Primary,N/A
60:3D:26:71:47:C8,CGA4131COM,1210 LOMBARD ST,,Philadelphia,PA,19147,39.944054,-75.16183,Freedom,South St Zone 1,Secondary,N/A
60:3D:26:74:C4:5C,CGA4131COM,8630 GERMANTOWN AVE,FL 1 OFC BUS 2,Philadelphia,PA,19118,40.077038,-75.20876,Freedom,Chestnut Hill,Secondary,N/A
60:3D:26:75:3B:A8,CGA4131COM,1220 CATHARINE ST,UNIT HBB,Philadelphia,PA,19147,39.940273,-75.16312,Freedom,South St Zone 1,Secondary,N/A
60:3D:26:75:52:14,CGA4131COM,822 PINE ST,STE LL1 OFC ADDTNL BSNSS,Philadelphia,PA,19107,39.94415,-75.156105,Freedom,South St Zone 1,Secondary,N/A
60:3D:26:75:76:54,CGA4131COM,744 S 9TH ST,UNIT A,Philadelphia,PA,19147,39.94046,-75.15772,Freedom,South St Zone 1,Secondary,N/A
60:3D:26:75:E1:C0,CGA4131COM,200 E HARTWELL LN,OFC LAB UNIT BUS2,Philadelphia,PA,19118,40.074886,-75.20093,Freedom,Chestnut Hill,Secondary,N/A
60:3D:26:75:E3:50,CGA4131COM,23 E ALLEN ST,,Philadelphia,PA,19123,39.965763,-75.135925,Freedom,Fishtown,Secondary,N/A
60:3D:26:75:E5:30,CGA4131COM,916 CHRISTIAN ST,,Philadelphia,PA,19147,39.939083,-75.158585,Freedom,South St Zone 1,Secondary,N/A
60:3D:26:76:DF:94,CGA4131COM,749 S 8TH ST,OFC,Philadelphia,PA,19147,39.94003,-75.15584,Freedom,South St Zone 1,Secondary,N/A
60:3D:26:78:04:B4,CGA4131COM,100 E GIRARD AVE,,Philadelphia,PA,19125,39.96862,-75.13419,Freedom,Fishtown,Primary,N/A
68:EE:96:DA:A3:79,DPC3939B,808 S HUTCHINSON ST,OFC,Philadelphia,PA,19147,39.939617,-75.158745,Freedom,South St Zone 1,Secondary,N/A
68:EE:96:DC:64:84,DPC3939B,8623 GERMANTOWN AVE,OFC,Philadelphia,PA,19118,40.07702,-75.20817,Freedom,Chestnut Hill,Primary,N/A
68:EE:96:DD:0D:E4,DPC3939B,5775 RT 202 RTE,,Lahaska,PA,18931,40.3475,-75.0325,Freedom,Peddlers Village,Primary,N/A
68:EE:96:DE:34:58,DPC3939B,1118 SPRUCE ST,UNIT UTIL,Philadelphia,PA,19107,39.946198,-75.160484,Freedom,South St Zone 1,Secondary,N/A
68:EE:96:E1:FB:BF,DPC3939B,1026 PINE ST,APT 9 OFC HOME,Philadelphia,PA,19107,39.94457,-75.1592,Freedom,South St Zone 1,Secondary,N/A
68:EE:96:E2:3F:BC,DPC3939B,1639 N HANCOCK ST,APT 403,Philadelphia,PA,19122,39.975536,-75.13696,Freedom,Fishtown,Secondary,N/A
68:EE:96:E5:A8:2D,DPC3939B,301 S 8TH ST,FL 4,Philadelphia,PA,19106,39.94523,-75.15487,Freedom,South St Zone 1,Secondary,N/A
68:EE:96:E7:80:2B,DPC3939B,1214 SOUTH ST,UNIT STORE,Philadelphia,PA,19147,39.94309,-75.16233,Freedom,South St Zone 1,Secondary,N/A
68:EE:96:E7:CE:7D,DPC3939B,2400 STREET RD,UNIT 29,New Hope,PA,18938,40.347054,-75.02953,Freedom,Peddlers Village,Primary,N/A
68:EE:96:E7:D9:E5,DPC3939B,37 PEDDLERS VLG,STE 37,Lahaska,PA,18931,40.347893,-75.03133,Freedom,Peddlers Village,Primary,N/A
68:EE:96:E8:A8:66,DPC3939B,5 W GIRARD AVE,,Philadelphia,PA,19123,39.96897,-75.13473,Freedom,Fishtown,Primary,N/A
68:EE:96:E8:DA:D9,DPC3939B,8518 GERMANTOWN AVE,OFC,Philadelphia,PA,19118,40.07614,-75.20716,Freedom,Chestnut Hill,Primary,N/A
68:EE:96:E8:DC:23,DPC3939B,23 W HIGHLAND AVE,,Philadelphia,PA,19118,40.075603,-75.20721,Freedom,Chestnut Hill,Secondary,N/A
68:EE:96:EA:5A:0D,DPC3939B,818 S 9TH ST,FRNT STOR,Philadelphia,PA,19147,39.939297,-75.15797,Freedom,South St Zone 1,Secondary,N/A
68:EE:96:EA:B6:0B,DPC3939B,2450 STREET RD,UNIT 22,New Hope,PA,18938,40.34798,-75.03141,Freedom,Peddlers Village,Primary,N/A
68:EE:96:EA:BC:CD,DPC3939B,301 S 8TH ST,STE 2C,Philadelphia,PA,19106,39.94523,-75.15487,Freedom,South St Zone 1,Secondary,N/A
68:EE:96:EA:D1:36,DPC3939B,5860 YORK RD,UNIT 4,Lahaska,PA,18931,40.346275,-75.03576,Freedom,Peddlers Village,Primary,N/A
68:EE:96:EA:D8:52,DPC3939B,1542 E MONTGOMERY AVE,,Philadelphia,PA,19125,39.97648,-75.13092,Freedom,Fishtown,Secondary,N/A
68:EE:96:EA:E4:3C,DPC3939B,1356 N FRONT ST,,Philadelphia,PA,19122,39.9718,-75.13554,Freedom,Fishtown,Secondary,N/A
68:EE:96:EA:EB:F3,DPC3939B,100 W OXFORD ST,STE 1100,Philadelphia,PA,19122,39.973774,-75.13522,Freedom,Fishtown,Secondary,N/A
68:EE:96:EB:5A:B1,DPC3939B,8201 GERMANTOWN AVE,,Philadelphia,PA,19118,40.07373,-75.2026,Freedom,Chestnut Hill,Primary,N/A
68:EE:96:EB:57:CD,DPC3939B,1310 FRANKFORD AVE,UNIT 1310-1312,Philadelphia,PA,19125,39.97056,-75.13473,Freedom,Fishtown,Primary,N/A
68:EE:96:EF:FD:1E,DPC3939B,760 S 11TH ST,,Philadelphia,PA,19147,39.940594,-75.16102,Freedom,South St Zone 1,Secondary,N/A
70:03:7E:76:FD:20,CGA4131COM,640 SOUTH ST,UNIT A,Philadelphia,PA,19147,39.941994,-75.15352,Freedom,South St Zone 1,Secondary,N/A
70:03:7E:77:2A:48,CGA4131COM,8605 GERMANTOWN AVE,,Philadelphia,PA,19118,40.07685,-75.20739,Freedom,Chestnut Hill,Primary,N/A
70:03:7E:79:92:38,CGA4131COM,1132 E COLUMBIA AVE,,Philadelphia,PA,19125,39.9698,-75.130486,Freedom,Fishtown,Secondary,N/A
70:03:7E:79:C5:DC,CGA4131COM,746 SOUTH ST,FRNT,Philadelphia,PA,19147,39.942253,-75.155396,Freedom,South St Zone 1,Secondary,N/A
74:54:7D:7E:8D:28,DPC3939B,1045 FRANKFORD AVE,PH 1,Philadelphia,PA,19125,39.96724,-75.13422,Freedom,Fishtown,Secondary,N/A
74:54:7D:7E:B2:5D,DPC3939B,148 W GIRARD AVE,FRNT STORE,Philadelphia,PA,19123,39.969032,-75.13804,Freedom,Fishtown,Secondary,N/A
74:54:7D:7F:BD:38,DPC3939B,1714 MEMPHIS ST,STE C1,Philadelphia,PA,19125,39.975113,-75.1306,Freedom,Fishtown,Secondary,N/A
74:54:7D:7F:DB:0B,DPC3939B,1546 FRANKFORD AVE,SPC BUS2,Philadelphia,PA,19125,39.974064,-75.13372,Freedom,Fishtown,Primary,N/A
74:54:7D:8C:30:F9,DPC3939B,1221 BAINBRIDGE ST,RM 107,Philadelphia,PA,19147,39.942646,-75.16273,Freedom,South St Zone 1,Secondary,N/A
74:54:7D:8C:50:5C,DPC3939B,8623 GERMANTOWN AVE,UNIT DUP,Philadelphia,PA,19118,40.077305,-75.20762,Freedom,Chestnut Hill,Primary,N/A
74:54:7D:8C:55:4D,DPC3939B,1048 SOUTH ST,FRNT OFFICE,Philadelphia,PA,19147,39.94284,-75.1601,Freedom,South St Zone 1,Primary,N/A
74:54:7D:8C:B9:52,DPC3939B,163 PEDDLERS VLG,,Lahaska,PA,18931,40.3474,-75.0322,Freedom,Peddlers Village,Primary,N/A
74:54:7D:8C:E6:7F,DPC3939B,59 PEDDLERS VILLAGE RD,SPC BUS2,Lahaska,PA,18931,40.34732,-75.03263,Freedom,Peddlers Village,Primary,N/A
74:54:7D:8D:C3:E7,DPC3939B,1223 N MASCHER ST,FL FRNT,Philadelphia,PA,19122,39.96982,-75.13744,Freedom,Fishtown,Secondary,N/A
74:54:7D:8E:34:3F,DPC3939B,301 S 8TH ST,STE 2C UNIT BUS2,Philadelphia,PA,19106,39.94523,-75.15487,Freedom,South St Zone 1,Secondary,N/A
74:54:7D:9A:3D:11,DPC3939B,1217 N HANCOCK ST,OFC,Philadelphia,PA,19122,39.96992,-75.13813,Freedom,Fishtown,Secondary,N/A
74:54:7D:9A:36:27,DPC3939B,7 E CHSTNUT HILL AVE,,Philadelphia,PA,19118,40.079185,-75.21004,Freedom,Chestnut Hill,Secondary,N/A
74:54:7D:9A:75:B0,DPC3939B,8327 GERMANTOWN AVE,,Philadelphia,PA,19118,40.07517,-75.20411,Freedom,Chestnut Hill,Primary,N/A
74:54:7D:80:7E:1C,DPC3939B,5743 ROUTE 202 RTE,,Lahaska,PA,18931,40.3475,-75.0325,Freedom,Peddlers Village,Primary,N/A
74:54:7D:80:84:25,DPC3939B,1639 N HANCOCK ST,STE 103 OFC 2,Philadelphia,PA,19122,39.975536,-75.13696,Freedom,Fishtown,Secondary,N/A
74:54:7D:94:3D:A3,DPC3939B,1247 N FRONT ST,,Philadelphia,PA,19122,39.97012,-75.13556,Freedom,Fishtown,Secondary,N/A
74:54:7D:94:5C:A7,DPC3939B,1611 FRANKFORD AVE,,Philadelphia,PA,19125,39.97429,-75.13305,Freedom,Fishtown,Primary,N/A
74:54:7D:94:5D:1A,DPC3939B,822 PINE ST,APT 1C,Philadelphia,PA,19107,39.94415,-75.156105,Freedom,South St Zone 1,Secondary,N/A
74:54:7D:94:6E:13,DPC3939B,936 SOUTH ST,,Philadelphia,PA,19147,39.94261,-75.158226,Freedom,South St Zone 1,Primary,N/A
74:54:7D:94:51:F8,DPC3939B,1004 PINE ST,FRNT,Philadelphia,PA,19107,39.944534,-75.15852,Freedom,South St Zone 1,Secondary,N/A
74:54:7D:99:E0:37,DPC3939B,19 PEDDLERS VLG,APT SHP 19,Lahaska,PA,18931,40.347317,-75.032135,Freedom,Peddlers Village,Primary,N/A
74:54:7D:A0:23:CF,DPC3939B,1333 FRANKFORD AVE,,Philadelphia,PA,19125,39.97116,-75.13413,Freedom,Fishtown,Primary,N/A
74:54:7D:A0:58:AE,DPC3939B,32 PEDDLERS VLG,APT STR 32,Lahaska,PA,18931,40.346863,-75.03281,Freedom,Peddlers Village,Primary,N/A
74:54:7D:AE:93:88,DPC3939B,1045 FRANKFORD AVE,UNIT 206 OFC,Philadelphia,PA,19125,39.96724,-75.13422,Freedom,Fishtown,Secondary,N/A
74:54:7D:AE:FC:0B,DPC3939B,735 S 12TH ST,RM COMMON,Philadelphia,PA,19147,39.941113,-75.161964,Freedom,South St Zone 1,Secondary,N/A
74:54:7D:AF:02:69,DPC3939B,15 W HIGHLAND AVE,STE 15H-2,Philadelphia,PA,19118,40.07561,-75.20681,Freedom,Chestnut Hill,Secondary,N/A
74:54:7D:B1:CB:07,DPC3939B,60 PEDDLERS VLG,,Lahaska,PA,18931,40.346996,-75.032486,Freedom,Peddlers Village,Primary,N/A
74:54:7D:B2:24:9E,DPC3939B,27 PEDDLERS VLG,APT SHP27,Lahaska,PA,18931,40.34698,-75.032906,Freedom,Peddlers Village,Primary,N/A
74:54:7D:B3:16:83,DPC3939B,1036 PINE ST,FRNT,Philadelphia,PA,19107,39.944668,-75.15957,Freedom,South St Zone 1,Secondary,N/A
80:B2:34:1A:96:4C,DPC3941B,15 W HIGHLAND AVE,UNIT F OFC,Philadelphia,PA,19118,40.07561,-75.20681,Freedom,Chestnut Hill,Secondary,N/A
80:B2:34:1B:B5:77,DPC3941B,1000 FRANKFORD AVE,STE 1,Philadelphia,PA,19125,39.96563,-75.13502,Freedom,Fishtown,Secondary,N/A
80:B2:34:1B:D3:45,DPC3941B,1525 FRANKFORD AVE,OFC,Philadelphia,PA,19125,39.973896,-75.13333,Freedom,Fishtown,Primary,N/A
80:B2:34:1B:E4:2A,DPC3941B,1020 N DELAWARE AVE,FL 4TH OFC,Philadelphia,PA,19125,39.965816,-75.132774,Freedom,Fishtown,Secondary,N/A
80:B2:34:1C:02:34,DPC3941B,51 BETHLEHEM PIKE,,Philadelphia,PA,19118,40.078354,-75.20804,Freedom,Chestnut Hill,Secondary,N/A
80:B2:34:1C:24:12,DPC3941B,1014 PINE ST,FRNT STORE,Philadelphia,PA,19107,39.944576,-75.15887,Freedom,South St Zone 1,Secondary,N/A
80:B2:34:1C:48:20,DPC3941B,8520 GERMANTOWN AVE,,Philadelphia,PA,19118,40.076187,-75.20718,Freedom,Chestnut Hill,Primary,N/A
80:B2:34:1D:DD:2F,DPC3941B,1120 SOUTH ST,FL 1,Philadelphia,PA,19147,39.94293,-75.16092,Freedom,South St Zone 1,Secondary,N/A
80:B2:34:1D:F7:C4,DPC3941B,30 PEDDLERS VLG,APT STR 30,Lahaska,PA,18931,40.347904,-75.03131,Freedom,Peddlers Village,Primary,N/A
80:B2:34:1E:2F:28,DPC3941B,1240 RODMAN ST,APT SOHO,Philadelphia,PA,19147,39.94378,-75.16308,Freedom,South St Zone 1,Secondary,N/A
80:B2:34:1E:3D:4C,DPC3941B,118 E HARTWELL LN,,Philadelphia,PA,19118,40.07362,-75.201935,Freedom,Chestnut Hill,Secondary,N/A
80:B2:34:1E:4A:A8,DPC3941B,1212 N FRONT ST,STE C,Philadelphia,PA,19122,39.96942,-75.136284,Freedom,Fishtown,Secondary,N/A
80:B2:34:1E:27:A3,DPC3941B,40 W EVERGREEN AVE,STE 108 OFC,Philadelphia,PA,19118,40.075436,-75.20824,Freedom,Chestnut Hill,Secondary,N/A
80:B2:34:1E:42:24,DPC3941B,8131 GERMANTOWN AVE,FRNT,Philadelphia,PA,19118,40.073116,-75.20212,Freedom,Chestnut Hill,Primary,N/A
80:B2:34:1F:4C:E6,DPC3941B,1127 E DUNTON ST,,Philadelphia,PA,19123,39.967876,-75.13498,Freedom,Fishtown,Secondary,N/A
80:B2:34:1F:15:37,DPC3941B,1020 N DELAWARE AVE,FL 1ST,Philadelphia,PA,19125,39.965816,-75.132774,Freedom,Fishtown,Secondary,N/A
80:B2:34:1F:19:C4,DPC3941B,162 PEDDLERS VLG,UNIT DUP1,Lahaska,PA,18931,40.3475,-75.0325,Freedom,Peddlers Village,Primary,N/A
80:B2:34:1F:35:62,DPC3941B,931 CLINTON ST,LBBY,Philadelphia,PA,19107,39.945374,-75.157814,Freedom,South St Zone 1,Secondary,N/A
80:B2:34:1F:55:42,DPC3941B,100 W OXFORD ST,STE E1500,Philadelphia,PA,19122,39.973774,-75.13522,Freedom,Fishtown,Secondary,N/A
80:B2:34:2D:3C:CA,DPC3941B,1400 N FRONT ST,,Philadelphia,PA,19122,39.972034,-75.1354,Freedom,Fishtown,Secondary,N/A
80:B2:34:2D:59:AD,DPC3941B,1136 PINE ST,,Philadelphia,PA,19107,39.944946,-75.16125,Freedom,South St Zone 1,Secondary,N/A
80:B2:34:2E:27:ED,DPC3941B,7946 GERMANTOWN AVE,SPC CORNER,Philadelphia,PA,19118,40.070496,-75.200584,Freedom,Chestnut Hill,Secondary,N/A
80:B2:34:2E:43:31,DPC3941B,8523 GERMANTOWN AVE,UNIT STOR,Philadelphia,PA,19118,40.076637,-75.20685,Freedom,Chestnut Hill,Primary,N/A
80:B2:34:4C:98:EF,DPC3941B,5812 LOWER YORK RD,BLDG B,New Hope,PA,18938,40.34635,-75.0327,Freedom,Peddlers Village,Primary,N/A
80:B2:34:4C:DD:D2,DPC3941B,8022 GERMANTOWN AVE,UNIT 1 UNIT 1,Philadelphia,PA,19118,40.071163,-75.20158,Freedom,Chestnut Hill,Secondary,N/A
80:B2:34:4D:1A:B8,DPC3941B,2400 STREET RD,UNIT 62,New Hope,PA,18938,40.347054,-75.02953,Freedom,Peddlers Village,Primary,N/A
80:B2:34:4D:2C:A1,DPC3941B,8513 GERMANTOWN AVE,,Philadelphia,PA,19118,40.07654,-75.20653,Freedom,Chestnut Hill,Primary,N/A
80:B2:34:4D:14:BE,DPC3941B,53 PEDDLERS VILLAGE RD,,Lahaska,PA,18931,40.34789,-75.03135,Freedom,Peddlers Village,Primary,N/A
80:B2:34:4D:18:DD,DPC3941B,700 S 13TH ST,OFC TWK,Philadelphia,PA,19147,39.94244,-75.1638,Freedom,South St Zone 1,Secondary,N/A
80:B2:34:20:0A:AA,DPC3941B,721 SOUTH ST,OFC B,Philadelphia,PA,19147,39.942493,-75.1549,Freedom,South St Zone 1,Secondary,N/A
80:B2:34:22:C5:A1,DPC3941B,710 SOUTH ST,FRNT STOR,Philadelphia,PA,19147,39.94209,-75.15434,Freedom,South St Zone 1,Secondary,N/A
80:B2:34:22:C5:B5,DPC3941B,818 SOUTH ST,BSMT,Philadelphia,PA,19147,39.942303,-75.15614,Freedom,South St Zone 1,Secondary,N/A
80:B2:34:22:EB:99,DPC3941B,602 S 11TH ST,UNIT 2,Philadelphia,PA,19147,39.94296,-75.16199,Freedom,South St Zone 1,Secondary,N/A
80:B2:34:22:ED:D8,DPC3941B,800 S 9TH ST,,Philadelphia,PA,19147,39.939686,-75.15786,Freedom,South St Zone 1,Secondary,N/A
80:B2:34:23:37:0C,DPC3941B,756 S 11TH ST,FL 2,Philadelphia,PA,19147,39.940697,-75.161,Freedom,South St Zone 1,Secondary,N/A
80:B2:34:25:7E:AE,DPC3941B,822 PINE ST,STE 2C,Philadelphia,PA,19107,39.94415,-75.156105,Freedom,South St Zone 1,Secondary,N/A
80:B2:34:25:AC:99,DPC3941B,609 S CLIFTON ST,,Philadelphia,PA,19147,39.942646,-75.15971,Freedom,South St Zone 1,Primary,N/A
80:B2:34:25:B6:F8,DPC3941B,7945 GERMANTOWN AVE,STE STOREB,Philadelphia,PA,19118,40.0708,-75.20042,Freedom,Chestnut Hill,Secondary,N/A
80:B2:34:26:7A:A2,DPC3941B,1108 FRANKFORD AVE,STE 2,Philadelphia,PA,19125,39.967266,-75.1348,Freedom,Fishtown,Secondary,N/A
80:B2:34:26:C5:B6,DPC3941B,645 SOUTH ST,,Philadelphia,PA,19147,39.94234,-75.15374,Freedom,South St Zone 1,Secondary,N/A
80:B2:34:30:70:11,DPC3941B,601 S 10TH ST,OFC 2,Philadelphia,PA,19147,39.94269,-75.15851,Freedom,South St Zone 1,Primary,N/A
80:B2:34:30:F2:4D,DPC3941B,626 S 12TH ST,,Philadelphia,PA,19147,39.942436,-75.16216,Freedom,South St Zone 1,Secondary,N/A
80:B2:34:32:78:D4,DPC3941B,117 W GIRARD AVE,OFC,Philadelphia,PA,19123,39.9692,-75.13678,Freedom,Fishtown,Secondary,N/A
80:B2:34:33:1E:97,DPC3941B,721 S JESSUP ST,OFC TWK,Philadelphia,PA,19147,39.94164,-75.16104,Freedom,South St Zone 1,Secondary,N/A
80:B2:34:33:9C:FA,DPC3941B,5667 YORK RD,OFC 8,New Hope,PA,18938,40.344894,-75.03754,Freedom,Peddlers Village,Secondary,N/A
80:B2:34:33:15:96,DPC3941B,1225 FITZWATER ST,,Philadelphia,PA,19147,39.941612,-75.16309,Freedom,South St Zone 1,Secondary,N/A
80:B2:34:33:24:E6,DPC3941B,1001 SOUTH ST,OFC ADD'L,Philadelphia,PA,19147,39.943108,-75.15936,Freedom,South St Zone 1,Primary,N/A
80:B2:34:33:39:A9,DPC3941B,1639 N HANCOCK ST,STE 100,Philadelphia,PA,19122,39.975536,-75.13696,Freedom,Fishtown,Secondary,N/A
80:B2:34:33:56:D7,DPC3941B,330 E GIRARD AVE,,Philadelphia,PA,19125,39.9699,-75.13061,Freedom,Fishtown,Secondary,N/A
80:B2:34:33:98:AE,DPC3941B,15 W HIGHLAND AVE,,Philadelphia,PA,19118,40.07561,-75.20681,Freedom,Chestnut Hill,Secondary,N/A
80:B2:34:34:32:F0,DPC3941B,9 W EVERGREEN AVE,UNIT 101,Philadelphia,PA,19118,40.07537,-75.209015,Freedom,Chestnut Hill,Secondary,N/A
80:B2:34:34:35:6B,DPC3941B,5860 YORK RD,BLDG 1,Lahaska,PA,18931,40.346275,-75.03575,Freedom,Peddlers Village,Primary,N/A
80:B2:34:34:37:AF,DPC3941B,5775 YORK RD,,Lahaska,PA,18931,40.3475,-75.0325,Freedom,Peddlers Village,Primary,N/A
80:B2:34:48:79:31,DPC3941B,1034 SPRUCE ST,FL 1,Philadelphia,PA,19107,39.945995,-75.159424,Freedom,South St Zone 1,Secondary,N/A
80:B2:34:48:B1:21,DPC3941B,801 S 9TH ST,UNIT NATL,Philadelphia,PA,19147,39.939415,-75.15737,Freedom,South St Zone 1,Secondary,N/A
80:B2:34:49:92:71,DPC3941B,1313 N HOWARD ST,,Philadelphia,PA,19122,39.97091,-75.13668,Freedom,Fishtown,Secondary,N/A
80:B2:34:49:C6:24,DPC3941B,15 W GIRARD AVE,,Philadelphia,PA,19123,39.969093,-75.13499,Freedom,Fishtown,Primary,N/A
80:B2:34:49:CC:E1,DPC3941B,519 S 9TH ST,FL 1,Philadelphia,PA,19147,39.942883,-75.15671,Freedom,South St Zone 1,Secondary,N/A
80:B2:34:49:CD:3B,DPC3941B,1639 N HANCOCK ST,STE 102,Philadelphia,PA,19122,39.975536,-75.13696,Freedom,Fishtown,Secondary,N/A
80:B2:34:49:DF:47,DPC3941B,822 PINE ST,STE 2A,Philadelphia,PA,19107,39.94415,-75.156105,Freedom,South St Zone 1,Secondary,N/A
80:B2:34:57:0A:AA,DPC3941B,5800 UPPER YORK RD,,New Hope,PA,18938,40.346863,-75.03493,Freedom,Peddlers Village,Primary,N/A
80:B2:34:57:0F:E1,DPC3941B,50 PEDDLERS VLG,SPC 50,Lahaska,PA,18931,40.34788,-75.031334,Freedom,Peddlers Village,Primary,N/A
80:B2:34:57:15:27,DPC3941B,8512 GERMANTOWN AVE,,Philadelphia,PA,19118,40.075787,-75.207275,Freedom,Chestnut Hill,Secondary,N/A
80:B2:34:57:16:5D,DPC3941B,301 S 8TH ST,STE 3H,Philadelphia,PA,19106,39.94523,-75.15487,Freedom,South St Zone 1,Secondary,N/A
80:B2:34:58:8C:D6,DPC3941B,320 S 10TH ST,RM ELECTRICAL,Philadelphia,PA,19107,39.94495,-75.158424,Freedom,South St Zone 1,Secondary,N/A
80:B2:34:58:A5:6D,DPC3941B,164 PEDDLERS VLG,,Lahaska,PA,18931,40.347664,-75.031456,Freedom,Peddlers Village,Primary,N/A
80:B2:34:58:AD:EC,DPC3941B,1426 FRANKFORD AVE,,Philadelphia,PA,19125,39.972466,-75.1346,Freedom,Fishtown,Primary,N/A
84:8D:C7:F9:76:8C,DPC3939B,42 PEDDLERS VLG RD,,Lahaska,PA,18931,40.34777,-75.03145,Freedom,Peddlers Village,Primary,N/A
94:6A:77:F9:DD:4C,DPC3941B,8419 GERMANTOWN AVE,APT 2,Philadelphia,PA,19118,40.0758,-75.20529,Freedom,Chestnut Hill,Primary,N/A
94:6A:77:F9:EE:C7,DPC3941B,92 BETHLEHEM PIKE,STE 200,Philadelphia,PA,19118,40.080353,-75.20768,Freedom,Chestnut Hill,Secondary,N/A
94:6A:77:FA:0C:D6,DPC3941B,34 W GIRARD AVE,FL 1 OFC,Philadelphia,PA,19123,39.968666,-75.13596,Freedom,Fishtown,Secondary,N/A
94:6A:77:FA:0E:AC,DPC3941B,12 W WILLOW GROVE AVE,,Philadelphia,PA,19118,40.07006,-75.20087,Freedom,Chestnut Hill,Secondary,N/A
94:6A:77:FB:6C:FC,DPC3941B,7918 GERMANTOWN AVE,,Philadelphia,PA,19118,40.069927,-75.20012,Freedom,Chestnut Hill,Secondary,N/A
94:6A:77:FB:00:8C,DPC3941B,8638 GERMANTOWN AVE,LOWR,Philadelphia,PA,19118,40.077114,-75.20896,Freedom,Chestnut Hill,Secondary,N/A
94:6A:77:FB:51:EF,DPC3941B,5723 LOWER YORK RD,FRNT,New Hope,PA,18938,40.345726,-75.03582,Freedom,Peddlers Village,Primary,N/A
94:6A:77:FB:99:DE,DPC3941B,8705 GERMANTOWN AVE,,Philadelphia,PA,19118,40.07757,-75.209076,Freedom,Chestnut Hill,Secondary,N/A
94:6A:77:FB:B5:31,DPC3941B,1429 FRANKFORD AVE,FL 1,Philadelphia,PA,19125,39.973053,-75.1338,Freedom,Fishtown,Primary,N/A
94:6A:77:FB:CA:8F,DPC3941B,1042 SOUTH ST,SPC STORE FRONT,Philadelphia,PA,19147,39.942818,-75.15991,Freedom,South St Zone 1,Primary,N/A
94:6A:77:FB:CB:1B,DPC3941B,724 SOUTH ST,,Philadelphia,PA,19147,39.94231,-75.15473,Freedom,South St Zone 1,Secondary,N/A
94:6A:77:FB:E7:40,DPC3941B,38 PEDDLERS VLG,FRNT STORE,Lahaska,PA,18931,40.3472,-75.03204,Freedom,Peddlers Village,Primary,N/A
94:6A:77:FC:8D:E9,DPC3941B,760 S 9TH ST,,Philadelphia,PA,19147,39.94007,-75.15785,Freedom,South St Zone 1,Secondary,N/A
94:6A:77:FC:8E:4D,DPC3941B,908 PINE ST,OFC,Philadelphia,PA,19107,39.94433,-75.15714,Freedom,South St Zone 1,Secondary,N/A
94:6A:77:FC:89:34,DPC3941B,736 S 8TH ST,,Philadelphia,PA,19147,39.940464,-75.156105,Freedom,South St Zone 1,Secondary,N/A
94:6A:77:FC:99:24,DPC3941B,160 PEDDLERS VLG,UNIT 160,Lahaska,PA,18931,40.34738,-75.03197,Freedom,Peddlers Village,Primary,N/A
94:6A:77:FD:4E:32,DPC3941B,1639 N HANCOCK ST,STE 309,Philadelphia,PA,19122,39.975536,-75.13696,Freedom,Fishtown,Secondary,N/A
94:6A:77:FD:24:ED,DPC3941B,202 GIRARD AVE,,Philadelphia,PA,19125,39.9689,-75.133385,Freedom,Fishtown,Secondary,N/A
94:6A:77:FD:73:C1,DPC3941B,800 S 12TH ST,FL 1,Philadelphia,PA,19147,39.94028,-75.16266,Freedom,South St Zone 1,Secondary,N/A
98:52:4A:5F:2D:C4,CGA4131COM,36 W GIRARD AVE,FL 1,Philadelphia,PA,19123,39.96883,-75.13591,Freedom,Fishtown,Secondary,N/A
98:52:4A:5F:4E:80,CGA4131COM,744 S 11TH ST,,Philadelphia,PA,19147,39.940975,-75.160995,Freedom,South St Zone 1,Secondary,N/A
98:52:4A:5F:47:B4,CGA4131COM,818 SOUTH ST,FL 1FL,Philadelphia,PA,19147,39.942303,-75.15614,Freedom,South St Zone 1,Secondary,N/A
98:52:4A:15:46:F6,CGA4131COM,1414 FRANKFORD AVE,FL 1,Philadelphia,PA,19125,39.97217,-75.134636,Freedom,Fishtown,Primary,N/A
98:52:4A:15:54:16,CGA4131COM,8419 GERMANTOWN AVE,STE 3,Philadelphia,PA,19118,40.07581,-75.20529,Freedom,Chestnut Hill,Primary,N/A
A4:56:CC:2C:6E:26,CGA4131COM,5775 RT 202 RTE,,Lahaska,PA,18931,40.3475,-75.0325,Freedom,Peddlers Village,Primary,N/A
A4:56:CC:2C:9B:DA,CGA4131COM,640 SOUTH ST,UNIT B,Philadelphia,PA,19147,39.941994,-75.15352,Freedom,South St Zone 1,Secondary,N/A
BC:9B:68:92:C9:96,DPC3941B,625 S 12TH ST,OFC MGT,Philadelphia,PA,19147,39.94266,-75.161896,Freedom,South St Zone 1,Secondary,N/A
BC:9B:68:92:F6:78,DPC3941B,1325 FRANKFORD AVE,OFC,Philadelphia,PA,19125,39.971027,-75.134285,Freedom,Fishtown,Primary,N/A
BC:9B:68:92:F8:12,DPC3941B,734 SOUTH ST,FL 1,Philadelphia,PA,19147,39.942127,-75.15506,Freedom,South St Zone 1,Secondary,N/A
BC:9B:68:92:FA:33,DPC3941B,1112 SHACKAMAXON ST,APT B OFC TWKR,Philadelphia,PA,19125,39.968124,-75.133575,Freedom,Fishtown,Secondary,N/A
BC:9B:68:93:0A:DC,DPC3941B,184 E EVERGREEN AVE,FL 2ND,Philadelphia,PA,19118,40.07697,-75.206535,Freedom,Chestnut Hill,Secondary,N/A
BC:9B:68:93:0B:13,DPC3941B,1007 FRANKFORD AVE,OFC,Philadelphia,PA,19125,39.96641,-75.13413,Freedom,Fishtown,Secondary,N/A
BC:9B:68:93:0E:C4,DPC3941B,1315 N HOWARD ST,,Philadelphia,PA,19122,39.97095,-75.136665,Freedom,Fishtown,Secondary,N/A
BC:9B:68:93:1F:72,DPC3941B,1116 SOUTH ST,FL 2ND,Philadelphia,PA,19147,39.942913,-75.160805,Freedom,South St Zone 1,Secondary,N/A
BC:9B:68:93:01:7C,DPC3941B,8501 GERMANTOWN AVE,,Philadelphia,PA,19118,40.076363,-75.20638,Freedom,Chestnut Hill,Primary,N/A
BC:9B:68:93:01:95,DPC3941B,1512 FRANKFORD AVE,FL 1 FRNT STORE,Philadelphia,PA,19125,39.97335,-75.134155,Freedom,Fishtown,Primary,N/A
BC:9B:68:93:09:BF,DPC3941B,12 W WILLOW GROVE AVE,OFC 2BUS,Philadelphia,PA,19118,40.07006,-75.20087,Freedom,Chestnut Hill,Secondary,N/A
BC:9B:68:93:11:53,DPC3941B,1204 N FRONT ST,FL 1,Philadelphia,PA,19122,39.969227,-75.136375,Freedom,Fishtown,Secondary,N/A
BC:9B:68:93:35:93,DPC3941B,145 W WILDEY ST,,Philadelphia,PA,19123,39.967125,-75.13829,Freedom,Fishtown,Secondary,N/A
BC:9B:68:93:41:7D,DPC3941B,1244 N FRONT ST,UNIT STORE,Philadelphia,PA,19122,39.970158,-75.136086,Freedom,Fishtown,Secondary,N/A
BC:9B:68:93:43:62,DPC3941B,19 PEDDLERS VLG,SPC SHP 70,Lahaska,PA,18931,40.347317,-75.032135,Freedom,Peddlers Village,Primary,N/A
BC:9B:68:94:AE:B9,DPC3941B,172 W MASTER ST,OFC,Philadelphia,PA,19122,39.97219,-75.13808,Freedom,Fishtown,Secondary,N/A
BC:9B:68:94:E8:E8,DPC3941B,168 PEDDLERS VLG,UNIT 44,Lahaska,PA,18931,40.3474,-75.0322,Freedom,Peddlers Village,Primary,N/A
BC:9B:68:94:F9:7D,DPC3941B,8506 GERMANTOWN AVE,,Philadelphia,PA,19118,40.07617,-75.20665,Freedom,Chestnut Hill,Primary,N/A
BC:D1:65:9B:AD:EF,DPC3939B,700 S 10TH ST,SPC BSMT,Philadelphia,PA,19147,39.94179,-75.15914,Freedom,South St Zone 1,Secondary,N/A
BC:D1:65:9B:B8:26,DPC3939B,920 SOUTH ST,FL 1,Philadelphia,PA,19147,39.942524,-75.15778,Freedom,South St Zone 1,Primary,N/A
BC:D1:65:9B:F7:8C,DPC3939B,518 S 7TH ST,APT 1 OFC HOME OFC,Philadelphia,PA,19147,39.942696,-75.154045,Freedom,South St Zone 1,Secondary,N/A
C0:C6:87:02:C5:44,DPC3939B,2450 STREET RD,UNIT 20,New Hope,PA,18938,40.34798,-75.03141,Freedom,Peddlers Village,Primary,N/A
C0:C6:87:04:05:3A,DPC3939B,128 W GIRARD AVE,,Philadelphia,PA,19123,39.96886,-75.137215,Freedom,Fishtown,Secondary,N/A
C0:C6:87:07:7B:11,DPC3939B,5895 LOWER YORK RD,APT BANK,Lahaska,PA,18931,40.3475,-75.0325,Freedom,Peddlers Village,Primary,N/A
F4:4B:2A:1E:61:C3,DPC3941B,74 PEDDLERS VLG,OFC,Lahaska,PA,18931,40.34738,-75.03197,Freedom,Peddlers Village,Primary,N/A
F4:4B:2A:6F:6C:D0,DPC3941B,25 PEDDLERS VILLAGE RD,APT 25,Lahaska,PA,18931,40.34737,-75.03197,Freedom,Peddlers Village,Primary,N/A
F4:4B:2A:9E:A2:89,DPC3941B,1020 SOUTH ST,,Philadelphia,PA,19147,39.9427,-75.159325,Freedom,South St Zone 1,Primary,N/A
F4:4B:2A:9E:D8:76,DPC3941B,5860 LOWER YORK RD,STE 3D OFC,New Hope,PA,18938,40.346947,-75.03153,Freedom,Peddlers Village,Primary,N/A
F4:4B:2A:15:31:25,DPC3941B,108 W GIRARD AVE,FRNT STORE,Philadelphia,PA,19123,39.96872,-75.1366,Freedom,Fishtown,Secondary,N/A
F4:4B:2A:16:57:B2,DPC3941B,757 S 8TH ST,FL 1ST,Philadelphia,PA,19147,39.939762,-75.15583,Freedom,South St Zone 1,Secondary,N/A
F4:4B:2A:25:8F:70,DPC3941B,767 S 9TH ST,,Philadelphia,PA,19147,39.93982,-75.157455,Freedom,South St Zone 1,Secondary,N/A
F4:4B:2A:25:92:86,DPC3941B,1340 FRANKFORD AVE,,Philadelphia,PA,19125,39.971466,-75.134705,Freedom,Fishtown,Primary,N/A
F4:4B:2A:25:94:16,DPC3941B,1120 PINE ST,SPC BUS2,Philadelphia,PA,19107,39.94488,-75.16068,Freedom,South St Zone 1,Secondary,N/A
F4:4B:2A:25:FB:2C,DPC3941B,1051 SOUTH ST,,Philadelphia,PA,19147,39.942913,-75.15961,Freedom,South St Zone 1,Primary,N/A
F4:4B:2A:71:A2:CA,DPC3941B,1018 PINE ST,UNIT FL1,Philadelphia,PA,19107,39.944595,-75.15899,Freedom,South St Zone 1,Secondary,N/A
F4:4B:2A:72:28:94,DPC3941B,732 SOUTH ST,FRNT STOR,Philadelphia,PA,19147,39.942196,-75.15499,Freedom,South St Zone 1,Secondary,N/A
F4:4B:2A:79:44:26,DPC3941B,428 S 13TH ST,OFC BUS2,Philadelphia,PA,19147,39.94455,-75.16343,Freedom,South St Zone 1,Secondary,N/A
F4:4B:2A:80:CD:90,DPC3941B,8432 GERMANTOWN AVE,,Philadelphia,PA,19118,40.075512,-75.20607,Freedom,Chestnut Hill,Primary,N/A
F4:4B:2A:80:CE:F8,DPC3941B,8528 GERMANTOWN AVE,REAR OFC,Philadelphia,PA,19118,40.076294,-75.20735,Freedom,Chestnut Hill,Primary,N/A
F4:4B:2A:83:54:61,DPC3941B,1639 N HANCOCK ST,APT 402,Philadelphia,PA,19122,39.97551,-75.13698,Freedom,Fishtown,Secondary,N/A
F4:4B:2A:B0:F5:65,DPC3941B,922 PINE ST,APT BSMT OFC HBB,Philadelphia,PA,19107,39.944435,-75.15769,Freedom,South St Zone 1,Secondary,N/A
F4:4B:2A:B2:BD:14,DPC3941B,1755 N HOWARD ST,OFC HBB,Philadelphia,PA,19122,39.97689,-75.13497,Freedom,Fishtown,Secondary,N/A
F4:4B:2A:B2:D0:1F,DPC3941B,8009 GERMANTOWN AVE,,Philadelphia,PA,19118,40.07115,-75.20078,Freedom,Chestnut Hill,Secondary,N/A
F4:4B:2A:B2:DE:CA,DPC3941B,1426 N FRONT ST,,Philadelphia,PA,19122,39.972652,-75.13537,Freedom,Fishtown,Secondary,N/A
F4:4B:2A:F3:94:1F,DPC3941B,1030 PINE ST,,Philadelphia,PA,19107,39.94473,-75.15935,Freedom,South St Zone 1,Secondary,N/A
FC:91:14:8A:30:DD,DPC3941B,1100 PINE ST,FL 1,Philadelphia,PA,19107,39.94472,-75.15995,Freedom,South St Zone 1,Secondary,N/A
FC:91:14:8A:33:1C,DPC3941B,1000 FRANKFORD AVE,RM ELECTRICAL 2,Philadelphia,PA,19125,39.96563,-75.13502,Freedom,Fishtown,Secondary,N/A
FC:91:14:8A:33:53,DPC3941B,700 S 11TH ST,,Philadelphia,PA,19147,39.942047,-75.16076,Freedom,South St Zone 1,Secondary,N/A
FC:91:14:8A:33:A3,DPC3941B,301 S 8TH ST,OFC B2,Philadelphia,PA,19106,39.94523,-75.15487,Freedom,South St Zone 1,Secondary,N/A
FC:91:14:89:CE:AE,DPC3941B,61 PEDDLERS VLG,,Lahaska,PA,18931,40.34737,-75.03197,Freedom,Peddlers Village,Primary,N/A
FC:91:14:C7:EA:72,DPC3941B,2400 STREET RD,UNIT 18,New Hope,PA,18938,40.347054,-75.02953,Freedom,Peddlers Village,Primary,N/A
FC:91:14:C8:42:24,DPC3941B,1022 SPRUCE ST,OFC,Philadelphia,PA,19107,39.945934,-75.158966,Freedom,South St Zone 1,Secondary,N/A
FC:91:14:C8:B4:6B,DPC3941B,5860 YORK RD,APT 3A,Lahaska,PA,18931,40.3475,-75.0325,Freedom,Peddlers Village,Primary,N/A
